{"cameraMode":{"drawMode":0,"name":"Shaded","section":"Shading Mode"},"sceneLighting":true,"audioPlay":false,"sceneViewState":{"m_AlwaysRefresh":false,"showFog":true,"showSkybox":true,"showFlares":true,"showImageEffects":true,"showParticleSystems":true,"showVisualEffectGraphs":true,"m_FxEnabled":true},"in2DMode":false,"pivot":{"x":677.1915893554688,"y":6.708713531494141,"z":384.2981872558594},"rotation":{"x":0.06684368848800659,"y":-0.011972881853580475,"z":0.0008021109388209879,"w":0.9976933002471924},"size":71.53225708007813,"orthographic":false}