{"cameraMode":{"drawMode":0,"name":"Shaded","section":"Shading Mode"},"sceneLighting":false,"audioPlay":false,"sceneViewState":{"m_AlwaysRefresh":false,"showFog":true,"showSkybox":false,"showFlares":true,"showImageEffects":true,"showParticleSystems":true,"showVisualEffectGraphs":true,"m_FxEnabled":true},"in2DMode":false,"pivot":{"x":2.778090238571167,"y":-0.1633138656616211,"z":3.3541436195373537},"rotation":{"x":0.30768436193466189,"y":0.23094382882118226,"z":-0.07725360989570618,"w":0.9198045134544373},"size":3.6795926094055177,"orthographic":false}